{"cameraMode":{"drawMode":0,"name":"Shaded","section":"Shading Mode"},"sceneLighting":true,"audioPlay":false,"sceneViewState":{"showFog":true,"showMaterialUpdate":false,"showSkybox":true,"showFlares":true,"showImageEffects":true,"showParticleSystems":true},"in2DMode":false,"pivot":{"x":-2.3904924392700197,"y":-2.2344582080841066,"z":-4.0204691886901859},"rotation":{"x":0.029877860099077226,"y":-0.9653659462928772,"z":0.22553443908691407,"w":0.12787066400051118},"size":25.799463272094728,"orthographic":false}