{"cameraMode":{"drawMode":0,"name":"Shaded","section":"Shading Mode"},"sceneLighting":true,"audioPlay":false,"sceneViewState":{"showFog":true,"showMaterialUpdate":false,"showSkybox":true,"showFlares":true,"showImageEffects":true,"showParticleSystems":true},"in2DMode":false,"pivot":{"x":-1.054574966430664,"y":-0.7442418932914734,"z":-6.221419811248779},"rotation":{"x":-0.03804055601358414,"y":0.951736569404602,"z":-0.2745104730129242,"w":-0.13188791275024415},"size":21.171648025512697,"orthographic":false}